;;;;;;;;;;;;1;;;;;;;;;;;;;;;;;;;;1;;;;;;;;;;;;;;;;;;;;;;;;;;;;;;;;;;;;;;;;;;;;;;;;;;;;;;;;;;;;
;;demos necessairee ;demos;;;;demos habitation;432;;;;;;;;;;;;;;;;;;;;;;;;;;;;;;;;;;;;;;;;;;;;;demos sante;300;;;;;;;;;;;;demos automobiles;149;;;;;;;;;;;demos comptables ;66;;;;demos avocats;52;;;;;;;;
;;952;958;;1;1;1;1;1;1;1;1;1;1;1;1;1;1;1;1;1;1;1;1;1;1;1;1;1;1;1;1;1;1;1;1;1;1;2;2;2;2;2;2;2;2;2;2;2;2;2;2;2;2;2;2;2;2;2;2;2;2;2;2;3;3;3;3;3;3;3;3;3;3;3;3;3;4;4;4;5;5;5;5;5;5;5;;;;;
;;;;;53;22;3;15;6;3;3;45;3;3;19;3;17;14;11;3;3;3;3;19;3;11;3;3;3;60;3;11;14;12;3;3;48;3;3;18;20;2;3;15;4;43;14;13;18;20;15;3;2;24;2;12;2;18;2;2;2;2;39;2;13;15;2;26;12;2;12;2;2;2;16;2;43;2;2;21;41;2;2;2;2;2;1;0;0;0;0;0
;code secteurs;Secteur;Milieu;QC;Agents (Courtiers) immobiliers;Aménagement paysager;Asphalte / Scellants;Chauffage / Ventilation / Climatisation;Construction neuve;Déménagement;Démolition;Électriciens;Électroménagers;Énergie solaire;Entreposage;Entretien ménager;Équipement pour adoucissement d'eau;Exterminateurs;Fondations / Béton / Fissures;Forage de puits;Fosses septiques;Fournisseur d'Équipement de purification d'eau;Gestion immobiliaire;Maçons;Magasin d'articles de fête;Magasin de meubles;Menuisier;Nettoyage et lavage à la pression;Piscines et Spas;Plombiers;Propane / BBQ;Quincaillerie;Rénovations (Entrepreneur général);Réparation électroménagers;Serrurier;Systèmes d'alarme;Toitures;Vitrier;Acupuncteurs;Chiropraticiens;Chirurgie esthétique / plastique;Chirurgie générale;Clinique spécialisée;Cliniques médicales;Cliniques santé voyage;Dentistes;Dermatologues;Épilation au laser;Esthétique;Gyms;Gynécologues;Hôpitaux;Implantologie;Lunetteries / Optométristes;Magasin d'articles spirituels;Salon de manucure;Orthodontistes;Pharmacies;Physiothérapeutes;Psychologues;Psychothérapeutes;Salon de coiffure;Soins médico-esthétique;Toilettage pour animaux;Carrosserie;Esthétique automobile;Financement auto;Garage mécanique;Lave auto;Magasin d'accessoires automobiles;Moto / VTT;Pare-brise;Pièces d'auto;Pneus;Taxi;Transport;Voitures d'occassion;Gestion comptable;Prêteur privé;Courtiers hypothécaires;Avocat généraliste;Avocat en droit des affaires;Avocat en droit des aînés;Avocat en droit civil;Avocat en droit criminel et pénal;Avocat en droit familial;Avocat en droit immobilier;;;;;
;;;;FR;Agents (Courtiers) immobiliers;Aménagement paysager;Entreprise de revêtement de sols et de murs;Chauffage/ Ventilation/ Climatisation;Constructeur de maisons ;Déménagement;Démolition;Électricien;Électroménagers;Énergie solaire;Entreposage;Entretien ménager;Matériel pour adoucisseur d'eau;Exterminateurs;Réparateur de fondations;Entreprise de forage;Fosses septiques;Fournisseur de matériel en traitement de l'eau;Gestion immobilère/ Agence immobilière;Maçon;Magasin d'articles de fête;Magasin de meubles;Menuisier;Nettoyage haute pression/ Service de lavage haute pression;Piscine et spas;2;Gaz/ BBQ;Quincaillerie;Rénovations ;Réparation électroménagers;Serrurier;Systèmes d'alarme;Toitures;Vitrier;Acupunteurs;Chiropracteurs;Chirurgie plastique/ Médecine esthétique;Chirurgie générale;Clinique privée;Cliniques privées/ Centres médicaux;Inexistant en France;Dentistes;Dermatologues;Épilation au laser;Esthétique;Salle de sport;Gynécologues;Hôpitaux;Implantologie;Lunetterie/ Optométristes;Boutique ésotérique;Salon de manucure;Orthodontiste;Pharmacie;Kinésithérapeute;Psychologues;Psychothérapeutes;Salon de coiffure;Soins médico-esthétique;Toilettage pour animaux;Carrosserie;Esthétique automobile;Financement auto/ Crédit auto;Mécanique auto/ Garage;Lavage auto;Magasin d'accessoires automobiles;Moto/ VTT;Pare-brise;Pièces auto;Pneus;Taxi;Transport;Voitures d'occassion;Gestion comptable;Prêteur privé;Courtier hypothécaire;Avocat généraliste;Avocat en droit des affaires;Avocat en droit des seniors;Avocat en droit civil;Avocat en droit pénal;Avocat en droit de la famille;Avocat en droit immobilier;;;;;
;;;;ES;Agentes inmobiliarios (corredores);Paisajismo/paisajista;Asfalto / Sellante;Calefacción / Ventilación / Aire acondicionado;Nueva construcción u obra nueva;Mudanza / trasteo;Demolición;Electricistas;Electrodomésticos;Energía solar;Almacenamiento o depósito;Mantenimiento o limpieza del hogar;Equipos de ablandamiento o descalcificación del agua;Exterminadores;Cimientos / Hormigón / Grietas;Perforación de pozos;Pozos sépticos;Proveedor de equipos de purificación de agua;Gestión inmobiliaria o Gestión de la propiedad;Albañiles;Tienda de artículos de fiesta;Tienda de muebles;Carpintero o ebanista;Limpieza y lavado a presión;Piscinas y spas;Plomeros;Propano / Barbacoa;Ferretería;Remodelaciones o renovaciones (Contratista general);Reparación de electrodomésticos;Cerrajero;Sistemas de alarma;Tejados;Vidriero;Acupunturistas;Quiroprácticos;Cirugía estética / plástica;Cirugía general;Cirugía especializada;Clínicas médicas;Clínicas de salud para viajeros;Dentistas,  odontólogos ortodoncista;Dermatólogos;Depilación láser;Estética;Gimnasios;Ginecólogos;Hospitales;Implantología;Óptica / gafas o anteojos  / Optometristas;Tienda de artículos espirituales;Salón de uñas o salón de manicura;Ortodoncistas;Farmacias;Fisioterapeutas;Psicólogos;Psicoterapeutas;Peluquería o salón de belleza;Cuidados médicos y estéticos;Peluquería canina;Carrosería o Chasis;Estética de automóviles o carros;Financiación de autos o carros;Mecánicos de taller o mecánicos;Lavadero de carros o lavado de autos;Tiendas de accesorios para automóviles;Moto / Bicicletas de montaña o bicicletas todo terreno;Parabrisas;Piezas o partes de automóviles / autopartes;Neumáticos;Taxi;Transporte;Carros usados;Gestión contable;Prestamista privado;Corredores hipotecarios;Abodado especialista / generalista;Abogado empresarial o de empresa;Abogado especializado en Derecho de la vejez;Abogado civil o abogado en derecho civil;Abogado penalista o Abogado en derecho penal y criminal;Abogado de familia o Abogado de derecho de familia;Abogado de bienes raices o abogado inmobiliario;;;;;
2;1;Uribia;2;;1;;;;;;;;;;;;;;;;;;;;;;;;;;;;;;;;;;;;1;;;;;;;;;;;;;;;;;;;;;;;;;;;;;;;;;;;;;;;;;;;;;;;;;;;
6;2;Riohacha;2;;;1;;;;;;;;;;;;;;;;;;;;;;;;1;;;1;;;;1;;;;;;;;;;;;;;;;;;;;;;;;;;;;;;;;;;;;;;;;1;;;;1;;;;;;;;;;;
6;3;Maicao;1;;;;1;1;;;;;;;;;;;;;;;;1;;;;;;1;;;;;;;;;;;;;;;;;;;;1;;;;;;;;;;;;;1;;;;;;;;;;;;;;;;;;;;;;;;;;;;;
3;4;Manaure;2;;;;;1;;;;;;;;;;;;;;;;;;;;;;1;;;;;;;;;;1;;;;;;;;;;;;;;;;;;;;;;;;;;;;;;;;;;;;;;;;;;;;;;;;;;;;
5;5;San Juan del cesar;2;;;;;;1;;;;;;;;;;;;;;;;;;;;;1;;;;;;;;;;;;;;;;1;;1;1;;;;;;;;;;;;;;;;;;;;;;;;;;;;;;;;;;;;;;;;;;;
6;6;Mangangué;2;;1;;;;;1;;;;;;;;;;;;;;;;;;;;1;;;;;;;;;;;;;;;;;1;;;;;;;;;;;;;;;;;;;;;1;;;;;;;;;1;;;;;;;;;;;;;;;
5;7;Arjona;2;;1;;;;;;1;;;;1;;;;;;;;;;;;;;;;;;;;;;1;;;;;;;;;;;;;;;;;;;;;1;;;;;;;;;;;;;;;;;;;;;;;;;;;;;;;;;;
6;8;Turbaco;2;;1;1;;;;;;1;;;;;1;;;;;;;;;;;;;;;;;;;;1;;;;;;;;;;;;;;;;;;;;;;;;;;1;;;;;;;;;;;;;;;;;;;;;;;;;;;;;
6;9;El Carmen de Bolivar;2;;1;;;;;;;1;1;;;;;;;;;;;;;;;;;;;;;;;;;;;;;;;;;;;;;;;;;1;;;;;;;;;;;;;;;1;;1;;;;;;;;;;;;;;;;;;;;;
6;10;Maria la Baja;2;;;;;;;;;1;;1;;;;;;;  ;;;;;;;;;;;;;;;;1;;;;;;;;;;;;;;1;;;;;;;;;;;;;;1;;;;;;;;;;;;1;;;;;;;;;;;;;;;
2;11;Santa Cruz de Mompox;2;;;;;;;;;;;;1;;;;;;;;;;;;;;;;;;;;;;;;;;;;;;;;;;;1;;;;;;;;;;;;;;;;;;;;;;;;;;;;;;;;;;;;;;;;;;
2;12;Santa Rosa del Sur;2;;;;;;;;;;;;;1;;;;;;;;;;;;;;;;;1;;;;;;;;;;;;;;;;;;;;;;;;;;;;;;;;;;;;;;;;;;;;;;;;;;;;;;;;;;;
5;13;Santa Cruz de Lorica;1;;;;;1;;;;;;;;;1;;;;;;;1;;;;;;;;;;;;;;;;;;;;;;;;;1;;;;;;;;;;;;;;;;;;;;;;;;;;;;;;;;1;;;;;;;;;;;
6;14;Tierralta;2;;;;;;1;;;;;;;;;1;;;;;;;;;;;;;;;;;;;;;;;1;;;;;;;;;;;;;;;;;;;;;;1;;;;;;;;;;;;;;1;;;1;;;;;;;;;;;;
5;15;Cereté;2;;;;;;;;;;;;;;;;1;;;;;;;1;;;;;;;;1;;;;;;;;;;1;;;;;;;;;;;;;;;;;;;;;;;;;;;;;;;1;;;;;;;;;;;;;;;;;
2;16;Sahagún;2;;;;;;;;;;;;;;;;;1;;;;;;;;;;;;;;;;;;;;;;;;;;1;;;;;;;;;;;;;;;;;;;;;;;;;;;;;;;;;;;;;;;;;;;;;;
4;17;Montelibano;2;;;1;;;;;;;;;;;;;;;1;;;;;;;;;;;;;;;;;;;1;;;;;;;;;;;;;;;;;;;;;;;;;;1;;;;;;;;;;;;;;;;;;;;;;;;;;
2;18;Cienaga de Oro;2;;;;;;;;;;;;;;;;;;;1;;;;;;;;;;;;;;;1;;;;;;;;;;;;;;;;;;;;;;;;;;;;;;;;;;;;;;;;;;;;;;;;;;;;;;;
5;19;Planeta Rica;2;;;;;;;;;;;;;;;;;;;;1;;;;;;;;;;;;;;1;;;;;;;;;;1;;;;;;;;;;;1;;;;;;;;;;;;;;;;;;;1;;;;;;;;;;;;;;;
4;20;Ayapel;2;;;;;;;;;;;;;;;;;;;;;1;;;;;;1;;;;;;;1;;;;;;;;;;;;;;;;;1;;;;;;;;;;;;;;;;;;;;;;;;;;;;;;;;;;;;;;
6;21;San Andrès de Sotavento;2;;;;;;;;;;;;;;1;;;;;;;;1;;;;;1;;1;;;;;1;;;;;;;;;;;;;;;;;;;;;;;;;;;;;;;;;;;;;;1;;;;;;;;;;;;;;;;;
4;22;San Pelayo;2;;;;;;;;;;;;;;;1;;;;;;;;1;;;;1;;;;;;;;;;;;;;;;;;;;;;;;;;;;;;;;;1;;;;;;;;;;;;;;;;;;;;;;;;;;;;;
5;23;Chinú;2;;;;;;;;;;;;;;;;;;;;;;;;1;;;1;;;;;;;;;;;;;;;;1;;;;;;;;;;1;;;;;;;;;;;;;;;;;;;;;1;;;;;;;;;;;;;;;
8;24;Pueblo Nuevo;2;;;;;1;;;;1;;;1;;;;;;;;;;;;;1;;1;;;;;;;;;;;;;;;;;;;;1;;;;;;;;;;;;;;;;;;1;;;;;;;;;;;;;1;;;;;;;;;;;
3;25;Ciénaga;1;;;;;;;;;1;;;;;;;;;;;;;;;;;1;1;;;;;;;;;;;;;;;;;;;;;;;;;;;;;;;;;;;;;;;;;;;;;;;;;;;;;;;;;;;;;;
5;26;Zona Bananera;2;;;;;;;;;1;;;;;;;;;;;;;;;;;;;1;;;;;;;;;;;;;;;;;1;;;1;;;;;;;;;;;;;;;;;;;;;;;;;;;;;1;;;;;;;;;;;;
9;27;Fundación;2;;1;1;;;;;;1;;;;;;;;;;;;1;;;;;;;;1;;;;;;;;;1;;;;;;;;1;;;;;;;;;;;;;;1;;;;;;;;;;;;;;1;;;;;;;;;;;;;;;
3;28;El Banco;2;;1;;;;;;;;;;;;;;;;;;;;;;;;;;;;1;;;;;;;;;;;;;;;;;;;;;;;;;;;;;;;;;;;;;;1;;;;;;;;;;;;;;;;;;;;;
2;29;Plato;2;;1;;;;;;;;;;;;;;;;;;;;;;;;;;;;;1;;;;;;;;;;;;;;;;;;;;;;;;;;;;;;;;;;;;;;;;;;;;;;;;;;;;;;;;;;
2;30;Malambo;2;;1;;;;;;;;;;;;;;;;;;;;;;;;;;;;;1;;;;;;;;;;;;;;;;;;;;;;;;;;;;;;;;;;;;;;;;;;;;;;;;;;;;;;;;;;
7;31;Sabanalarga;2;;;;;;1;;;;;;;;;;;;;;;;;;;;;;;;;;1;1;;;;;;;;;;1;;;;;;;;1;;;;;;;;;;;;1;;;;;;;;;;;1;;;;;;;;;;;;;;;
3;32;Baranoa;2;;;;;;;;;;;;;;;;;;;;;;;;;;;;;;;;;;1;;;;;;;;;;;;;;;;;;;;;1;;;;;1;;;;;;;;;;;;;;;;;;;;;;;;;;;;;
2;33;Sincelejo;2;;;;;;;;;;;;;;;;;;;;;;;;;;;;;;;;;;1;;;;;;;;;;;;;;;;;;;;;;;;;;;;1;;;;;;;;;;;;;;;;;;;;;;;;;;;
1;34;San Marcos;2;;;;;;;;;;;;;;;;;;;;;;;;;;;;;;;;;;;1;;;;;;;;;;;;;;;;;;;;;;;;;;;;;;;;;;;;;;;;;;;;;;;;;;;;;;
2;35;Corozal;2;;;;;;;;;;;;;;;;;;;;;;;;;;;;;;;;;;;;1;;;;;;;;;;;;;;;;;;;;;;;;;;;;;;;;;;;;;;1;;;;;;;;;;;;;;;
3;36;San Onofre;2;;;;;;;;;;;;;;1;;;;;;;;;;;;;;;;;;;;1;;;1;;;;;;;;;;;;;;;;;;;;;;;;;;;;;;;;;;;;;;;;;;;;;;;;;;;;
12;37;Santander de Quilichao;2;;;;;;;;;;;;;;;;1;;;;;;;;;;;;;;;;;;1;;;1;1;;1;1;1;1;;;;1;;;;;;;;;;;;;1;;;;;;;;;;;;;;;;;1;1;;;;;;;;;;;
3;38;Puerto Tejada;2;;;1;;;;;;;;;;;;;;;;;;;;;;;;;;;;;;;1;;;;;;;1;;;;;;;;;;;;;;;;;;;;;;;;;;;;;;;;;;;;;;;;;;;;;;;;
6;39;Buenaventura;1;;;;;;;;;;;;1;;;;;;;;;;;;;;;;;;;;;;;;;;1;;;;1;;;1;1;;;;;;;;;;;;;;;;;;;;;;;;;;;;1;;;;;;;;;;;;;;;
3;40;Tuluà;1;;;;;;;;;;;;;;;;;;;;;;;;;;;;;;;;;;;;;;;;;;;;;;1;;;;;;;;;;;;;;;;;;;1;;;;;;;1;;;;;;;;;;;;;;;;;
3;41;Cartago;2;;;;;;;;;;;;;;;;;;;;;;;;;;;1;;;;;;;;;;;;;;;;;;;;1;;;;1;;;;;;;;;;;;;;;;;;;;;;;;;;;;;;;;;;;;;;
5;42;Jamundi;1;;;;;;;;;;;;;;;1;;;;;;1;;;;;;1;;;;;;;;;;;;;;;;;;;;;1;1;;;;;;;;;;;;;;;;;;;;;;;;;;;;;;;;;;;;;;;;
5;43;Buga;1;;;;;1;;;;;;;;;;;;;;;;;;;;;;1;;;;;;;;;;;;;;;;;;;;;;1;;;;;;;;;;;1;;;;;;;;;;;;;;1;;;;;;;;;;;;;;;
3;44;Yumbo;1;;;;;;;;;;;;;;;;;;;;;;;;;;;1;;;1;;;;;;;;;;;;;;;;;;;;1;;;;;;;;;;;;;;;;;;;;;;;;;;;;;;;;;;;;;;;
6;45;Florida;2;;1;;;;;;;;;;;;;;;;;;;;;;;;;1;;;;;;;;;;;;;;;;;;;;;;;;1;;;;1;;;;;;;;;;;1;;;;;;;;;;;;1;;;;;;;;;;;
5;46;El Cerrito;2;;1;;;;;;;;;;;;;;;;;;;;;1;;;;;;;;;;;;;;;;;;;;1;;;;;;;;;1;;;;;;;;;;;1;;;;;;;;;;;;;;;;;;;;;;;;;;
4;47;Pradera;2;;1;;;;;;;;;;;;;;;;;;;;;;;;;;;1;;;;;;;;;;;;;;;;;;;;;;;;1;;;;;;;;;;;;;;;;;;;;;1;;;;;;;;;;;;;;;
6;48;Sevilla;2;;1;1;;;;;;1;;;;;;;;;;;;;;;;;;;;;;;;;;;;;;;;;;1;;;;;;;;;;;1;;;;;;1;;;;;;;;;;;;;;;;;;;;;;;;;;;;;
9;49;Quidbó;1;;1;;;;1;;;1;;;;;1;;;;;;;;;;;;;;;;;1;;;;;;;;;;;;;;;;1;1;;;;;;;1;;;;;;;;;;;;;;;;;;;;;;1;;;;;;;;;;;;
3;50;Tumaco;1_2;;;;;;;;;1;;;;;;;;;;;;;;;;;;;;;;;;;;;;;;;;;;;1;;;;;;;;;;;;1;;;;;;;;;;;;;;;;;;;;;;;;;;;;;;;;;
8;51;Ipiales;1;;;;;;;;;1;;;;;;;;;;;;;;;;;;;;;;;;;;;;1;1;;;;;;;;;;;;;1;;;;;;1;;;;;1;;;;;;;;;;;;1;;;;1;;;;;;;;;;;
2;52;Samaniego;2;;;;;;;;;;;;;;;;;;;;;;;;;;;;;;;;;;;;;;;;;;;;;;;;;;;;;;;;;;1;;;;;;;1;;;;;;;;;;;;;;;;;;;;;;;;
3;53;Túquerres;2;;;;;;;;;;;;;;;;;;;;;;;;;;;;;;;;;;;;;;;;;;;;;;1;;;;;;;;;;;;;1;1;;;;;;;;;;;;;;;;;;;;;;;;;;;;;
2;54;Girardot City;1;;;;;;;;;;;;;;;;;;;;;;;;;;;;;;;;;;;;;;;;;;;;;;;;;;;;;;;;;;;;1;;;;;;;;;;;;;;;;;;1;;;;;;;;;;;
2;55;Facatativá;1;;;;;;;;;;;;1;;;;;;;;;;;;;;;;;;;;;;;;;;;;;;;;;;;;;;;;;;;;;;;;;1;;;;;;;;;;;;;;;;;;;;;;;;;;;;
3;56;Zipaquirá;1;;;;;;;;;;;;;;;;;;;;;;;;;;;;;;;;;;;;;;;;;1;;1;;;;;;;;;;;;;;;;;;;1;;;;;;;;;;;;;;;;;;;;;;;;;;;
6;57;Fusagasuga;1;;;;;;;;;;;;;;;;;;;;;1;;;;;;;;;;;;;;;;;;;;;;;;;;;;;;;;;;1;;;;;;;;1;;;;;;;;;1;;1;;;;1;;;;;;;;;;;
3;58;Itagüí;1;;;;;;;;;;;;;;;;;;;;;;;;;;;;;;;;;;;;;;;;;;;;;1;;;;;;;;;;;;;;;1;;;;1;;;;;;;;;;;;;;;;;;;;;;;;;
3;59;Envigado;1;;1;1;;;;;;;;;;;;;;;;;;;;;;;;;;;;;;;;;;;;;;;;;;;;;;;;;;;;;;;;;;;;;;1;;;;;;;;;;;;;;;;;;;;;;;;
7;60;Apartadó;1;;1;;;;;;;;;;;;;;;;;;;;;;;;;1;;;;;;;1;;;;;;;;;;;;;;;;;;;;;;;;;;;;;1;;;1;;1;;;;;;;;;;1;;;;;;;;;;;
5;61;Caldas;1;;1;;;;;;;;;;;;;;;;;;;;;;;;;1;;;;;;;1;;;;;;;;;;;;;1;;;;;;;;;;;;;;;;;;;;1;;;;;;;;;;;;;;;;;;;;;;
4;62;Ocaña;1;;;;;;;;;;;;;;;;;;;;;;;;;;;1;;;;;;;1;;;;;;;;;;;;;;;;;;;;;;;;;;;;;;;;;;1;;;;;;1;;;;;;;;;;;;;;;
6;63;Barrancabermeja;1;;;;;;;;;;;;;;1;;;;;;;;;;;;;1;;;;;;;1;;;;;;;;;;;;;;;;;;;1;;;;;;;;;;;;;;;;1;;;;;;;;1;;;;;;;;;;;;
5;64;Girón;1;;;;;;;;;;;;;;;;;;;;;;;;;;;1;;;;;;;1;;;;1;;;;;;;;;;;;;1;;;;;;;;;;;;;;;;;;;1;;;;;;;;;;;;;;;;;;;
2;65;Piedecuesta;1;;;;;;;;;;;;;;;;;;;;;;;;;;;;;;;;;;;;;;;;;;;;;;;;;;;;;;;;;;;;1;;;;;;;;;;;1;;;;;;;;;;;;;;;;;;
5;66;Dos Quebradas;1;;;;;;;;;;;;;;;;;;;;;;;;;;;;;;1;;;;;;;1;;;;;;;1;;;;;;;;;;;;;;;;;;;;;;;;;;;;1;;;;;;1;;;;;;;;;;;
5;67;La Dorada;2;;;;;;;;;;;;1;;;;;;;;;;;;;;;;;;;;;;;;;;;;;;;1;;;;;;;;;;;;;;;;;1;;;;;;;;;;;;;1;1;;;;;;;;;;;;;;;
5;68;Chinchiná;2;;;;;1;;;;;;;;;;;;;;;;;;;;;;;;;;;;;;;;;;;;;;;;;1;;1;;;;;;;;;;;;;;1;;;;;;;;;;;;1;;;;;;;;;;;;;;;
3;69;Sogamoso;1;;;;;;;;;;;;;;;1;;;;;;1;;;;;;;;;;;;;;;;;;;;;;;;;;;;;;;;;;;;;;;;;;;;;;;;;;;;;;1;;;;;;;;;;;;;;
4;70;Duitama;1;;;1;;;;;;;;;;;;;;;;;;;;;;;;;;;;;;;;;;;;;;;;;;;;;;;;;;;;1;;;;;;;;;;;;;;;;;1;;;;1;;;;;;;;;;;;;
5;71;Arauca;2;;;;;;;;;1;;;;;;;;;;;;;;;;;;;;;;;;;;;;;;;;1;;;;;;;;;;;;;;;;;;;1;;;;;;;;;;;;1;;;;;;1;;;;;;;;;;;
4;72;Yopal;2;;1;;;;;;;1;;;;;;;;;;;;;;;;;;;;;;;;;;;;;;;;;;;;;;;;;;;;;;;;;;;;;;;;;;;;;;;1;;;;;1;;;;;;;;;;;;
5;73;Aguazul;2;;1;;;;;;;1;;;;;;;1;;;;;;;;;;;;;;;;;;;;;;;;;;;;;;;;;;;;;;;;;;;;;;;;;;;;;;;;;;1;;;;;1;;;;;;;;;;
7;74;Acacias;2;;1;;;;;;;1;;;;;;;;;;;;;;;;;;;;;;;;;1;;;;;;;;;;;;;1;;;;;;;;;;;;;;;;;;1;;;;;;;1;;;;;;;;1;;;;;;;;;
2;75;Granada;2;;;;;;;;;;;;;;;;;;;;;;;;;;;;;;;;;;1;;;;;;;;;;;;;;;;;;;;;;;;;;;;;;;;;;;;;;;;;;;;;;;1;;;;;;;;
8;76;Florencia;2;;;;;;;;;;;;;;;;;;;;;;;;;;;;;1;;;;;1;;;;1;;;;;;;;;;;;;1;;;;;;;;;1;;;;;1;;;;;;;;;;;;;1;;;;1;;;;;;;
7;77;Usaquén Bogota;1;;;;;;;;;;;;;;1;;;;;;;;;;;;;;;;;;;;1;;;;;;;;;;;;;;;;;;;;;;;;;;;;;1;;1;1;;;;;;;;;;;1;;;;;;1;;;;;;
3;78;Chapinero Bogota;1;;;;;;;;;;;;;;;;;;;;;;;;;;;;;;;;;;;;;;;;;;;;;;;;;;;;;;;;;;;;;;;;;1;;;;;;;;;1;;;;;;;;;;1;;;;;
1;79;Santa Fe/ Los Mártires Bogota;1;;;;;;;;;;;;;;;;;;;;;;;;;;;;;;;;;;;;;;;;;;;;;;;;;;;;;;;;;;;;;;;;;;;;;;;;;;;;;;;;;;;1;;;;;;
6;80;San Cristóbal Bogota;1;;;1;;;;;;;;;;;;;;;;;;;;;;;;1;;;;;;;;;;;;;;;;;;1;1;;;;;;;;;;;;;;1;;;;;;;;;;;;;;;;;;;;;;1;;;;;;;
6;81;Usme/ Sumapaz Bogota;1;;;;;;;;;;;;1;;;;;;;;;;;;;;;1;;;;;;;;;;1;;;;;;1;;;;;;;;;;;;;;;;;;;;;;;;;;;;;;;;;;;1;;;1;;;;;;;;
5;82;Tunjuelito Bogota;1;;;;;;;;;;;;;;;;;;;;;1;;;;;;1;;;;;;;;;;;;;;;;;;;;;;;;;;;;1;;;;;;;;;;;;;1;;;;;;;;;;;;1;;;;;;;;;
4;83;Bosa Bogota;1;;;;;;;;;;;;;;;;;;;;;;;1;;;;1;;;;;;;;;;;;;;;;;1;;;;;;;;;;;;;;;;;;;;;;;;;;;;;;;;;;;1;;;;;;;;;;
6;84;Kennedy Bogota;1;;;;;;;;;;;;;;;;;;;;;;;;;;;1;;;;1;;;;;;;;;;;;;;;;;1;;;;;;;;;;;;1;;;;;;;;;;;;;;1;;;1;;;;;;;;;;;;
4;85;Fontibón Bogota;1;;1;;;;;;;;;;;;;;;;;;;;;;;;;1;;;;;;;;;;;;;;;;;;;;;;;;;;;;;;;;;;;1;;;;;;;;;;;;;;;;1;;;;;;;;;;;
4;86;Engativá Bogota;1;;1;;;;;;;;;;;;;;;;;;;;;;;;;;;;;;;;;;;;;;;;;;;;;1;;;;;;;;;;;;;;;;;;;;;;;;;;;;;1;;1;;;;;;;;;;;
2;87;Suba Bogota;1;;1;;;;;;;;;;;;;;;;;;;;;;;;;;;;;;;;;;;;;;;;;;;;;;;;;;;;;;;;;;;;;;;;;;;;;;;;;1;;;;;;;;;;;;;;
2;88;Barrios Unidos Bogota;1;;;;;;;;;;;;;;;;;;;;;;;;;;;;;;;;;;;;;;;;;;;;;;;;;;;1;;;;;;;;;;;;;;;;;;;;;;;1;;;;;;;;;;;;;;;
3;89;Teusaquillo Bogota;1;;;;;;;;;;;;;;;;;;;;;;;;;;;;;;;;;;;;;;1;;;;;;;;;;;;;;;;;;;;;;1;;;;;;;;;;;;;1;;;;;;;;;;;;;;;;
5;90;Antonio Nariňo Bogota;1;;;1;;;;;;;;;;;;;;;;;;;;;;;;;;;1;;;;1;;;;;;;1;;;;;;;;;;;;;;;;;;;;;;;;;;;;;;;1;;;;;;;;;;;;;;;;;
5;91;Puente Aranda Bogota;1;;;;;;;;;1;;;;;1;;;;;;;;;;;;;;;;;;;;1;;;;;;;;;;;;;;;;;;;;;;;;;;;;;;;;;;;;;1;;;;;;;1;;;;;;;;;;;
6;92;La Candelaria Bogota;1;;;;;1;;;;1;;;;;;;;;;;;;;;;;;;;;;;;;1;;;;;;;;;;;;;;;;;;;1;;;;;;;;;;;;;;;;;1;;;;;;;1;;;;;;;;;;;;
4;93;Rafael Uribe Uribe Bogota;1;;;;;;;;;1;;;;;;1;;;;;;;;;;;;;;;;;;;;;;;;;;;;;;;;;;;;;;;;;;;;;;;;1;;;;;;1;;;;;;;;;;;;;;;;;;;;
6;94;Ciúdad Bolívar Bogota;1;;;;;;;;;1;;;1;;;;;;;;;;;;;;;;;;;;;;;;;;;;;;;1;;;1;;;;;;;;;;;;;;1;;;;;;;;1;;;;;;;;;;;;;;;;;;;;;
4;95;1 Medellin;1;;;;;;;;;1;;;;;;;;;;;;1;;;;;;;;;;;;;;;;;;;;;;;;;;;;;;;;;;;;;;;;;;;;;;1;;;;;;;1;;;;;;;;;;;;;;;
5;96;2 Medellin;1;;;;;;;;;;;;;;;;;;;;;;;;;;;;;;;;;;;;;1;;;;;;;;;;1;;;;;;;;1;;;;;;;;;;;1;;;;;;;;;;;;1;;;;;;;;;;;
2;97;3 Medellin;1;;;;;;;;;;;;;;;;;;;;;;;;;;;;;;;;;;;;;;;;;;;;;;;;;;;;;;;;;;;;;;;;;1;;;;;;;1;;;;;;;;;;;;;;;;;
2;98;4 Medellin;1;;1;;;;;;;;;;;;;;;;;;;;;;;;;;;;;;;;;;;;;;;;;;;;;;;;;;;;;;;;;;;;;;1;;;;;;;;;;;;;;;;;;;;;;;;;
6;99;5 Medellin;1;;1;;;;;;;;;;;;;;;;;;;;;;;;;;;;;;;;;;;;;;;;;;;1;;;1;;;1;;;;;;;;;1;;;1;;;;;;;;;;;;;;;;;;;;;;;;;;
5;100;6 Medellin;1;;1;;;;;;;;;;;;;;;;;;;;;;;;;;;1;;;;;;;;;;;;;;;1;;;;;;;;;;;;;;;;;;1;;;;;;;;;;;;1;;;;;;;;;;;;;;;
2;101;Comuna 1/ Comuna 2 Cali;1;;;;;;;;;;;;;;;;;;;;;;;;;;;;;;;;;;;;;;;;;;;;;;;;;;;;;;;;;;;;;1;;;;;;;;;;;;;;;;;1;;;;;;;;;;;
3;102;Comuna 3 Cali;1;;;1;;;;;;;;;;;;;;;;;;;;;;;;;;;;;;;;;;;1;;;;;;;;;;;;;;;;;;;;;;1;;;;;;;;;;;;;;;;;;;;;;;;;;;;;
2;103;Comuna 4 Cali;1;;;;;;;;;;;;;;;;;;;;;;;;;;;1;;;;;;;;;;;;;;;;;;;;;;;;;;;;;;;;1;;;;;;;;;;;;;;;;;;;;;;;;;;;;;;
4;104;Comuna 5 Cali;1;;;;;;;;;;;;;;;;;;;;;;;;;;;1;;;;;;;;;;;;;;;;;;;;;;;;;;;;;;;1;;;;;;;;1;;;;;;;;;;;1;;;;;;;;;;;;
7;105;Comuna 6 Cali;1;;;;;;;;;;;;;;1;;;;;;;;;;;;;1;;;;;;;;;;;;;;1;;1;;;;;;;;;;;;;;1;;;1;;;;;;;;1;;;;;;;;;;;;;;;;;;;;;
7;106;Comuna 7 Cali;1;;;;;;;;;;;;1;;;;;;;;;;;;;;;1;;;;;;;1;;;;;;;;;;;;;;;;;;;;;1;1;;;;;;;;;;;;;;;;;;1;;;;1;;;;;;;;;;;
3;107;Comuna 8 Cali;1;;;;;;;;;;;;;;;;;;;;;;;;;;;;;;;;;;1;;;;;;;;;;;;;;;;;;;;;1;;;;;;;;;;1;;;;;;;;;;;;;;;;;;;;;;;;
9;108;Comuna 9 Cali;1;;;;;;;;;;;;;;;;1;;;;;1;;1;;;;;;;;;;;1;;;;;;;;;;;;1;1;;;;;;;1;;;;;;;;;1;;1;;;;;;;;;;;;;;;;;;;;;;;;
3;109;Comuna 10 Cali;1;;;;;;;;;;;;;;;;;;;;;;;;;;;;;;;;;;;;;1;;;;;;;;;;;;;;;;1;;;;;;;;;;;;1;;;;;;;;;;;;;;;;;;;;;;;;
5;110;Comuna 11 Cali;1;;1;;;;;;;;;;;;;;;;;;;;;;;;;;;;;;;;;;;;;;;;;;;;;;;;;1;1;;;;;;;;1;;;;;;;;;;;;;;;;;;1;;;;;;;;;;;
7;111;Comuna 12 Cali;1;;1;;;;;;;1;;;;;;1;;;;;;;;;;;;;;;;;;;;;;;;;;;;;;;;;;;;1;;;;;;;;;;;;;;1;;;;;;;;;1;;;1;;;;;;;;;;;;
5;112;Comuna 13 Cali;1;;1;;;;;;;1;;;;;;;;;;;;;;;;;;;;;;;;;;;;;;;;;;;;;;;;;1;;;1;;;;;;;;;;;;1;;;;;;;;;;;;;;;;;;;;;;;;
5;113;Comuna 14 Cali;1;;;;;;;;;1;;;;;;;;;;;;;;;;;;;;;1;1;;;;;;;;;;;;;;;;;1;1;;;;;;;;;;;;;;;;;;;;;;;;;;;;;;;;;;;;;;;;
5;114;Comuna 15 Cali;1;;;1;;1;;;;1;;;;;;;;;;;;;;;;;;;;;;;;;;;;;;;;;;;1;;;;1;;;;;;;;;;;;;;;;;;;;;;;;;;;;;;;;;;;;;;;;;
6;115;Comuna 16 Cali;1;;;;;;;;;1;;;;;;;;;;;;;;;;;;;;;;;;;;;;;;;;;;;;1;;1;;;;;;;;;;;;;1;;1;;;;;;;;;;;;;;;;1;;;;;;;;;;;
2;116;Comuna 17 Cali;1;;;;;;;;;;;;;;;;;;;;;;;;;;;;;;;;;;;;;;;;;;;;;;1;;;;;;;;;;;;;;;;;;;;;;;;;;;;1;;;;;;;;;;;;;;;
4;117;Comuna 18/ Comuna 22 Cali;1;;;;;;;;;;;;1;;;;;;;;;;;;;;;;;;;;;;;;;;1;;;;;1;;1;;;;;;;;;;;;;;;;;;;;;;;;;;;;;;;;;;;;;;;;;;;;
1;118;Comuna 19 Cali;1;;;;;;;;;;;;;;;;;;;;;;;;;;;;;;;;;;;;;;;;;;;;1;;;;;;;;;;;;;;;;;;;;;;;;;;;;;;;;;;;;;;;;;;;;;
4;119;Comuna 20 Cali;1;;;;;;;;;;;;;;;;;;;;;;;;;;;;;;;;;;;;;;;;;1;;1;;;;;;;;;;;;;;;;;1;;;;;;;;;;;;1;;;;;;;;;;;;;;;;;
5;120;Comuna 21 Cali;1;;;;;;;;;;;;;;;;;;;;;;;;;;;;;;;;;;;;;;;;;;1;;;;1;1;;;;;;;;;;;;;;;;;;;;;;;;;;;;;;1;1;;;;;;;;;;;
8;121;Riomar Baranquilla;1;;1;;;;;;;;;;;;1;;;;;;;1;;;;;;;;;;;;;;;;;;;;1;;;;;;;;;;1;;;;1;;;;;;;;1;;;;;;;;;;;1;;;;;;;;;;;;;;;
4;122;Norte-Centro Histórico Baranquilla;1;;1;;;;;;;;;;;;;;;;;;;;;;;;;1;;;;;;;;;;1;;;1;;;;;;;;;;;;;;;;;;;;;;;;;;;;;;;;;;;;;;;;;;;;;;;;;
5;123;Suroccidente Baranquilla;1;;1;;;;;;;;;;;;;;;;;;;;;;;;;1;;1;;;;;1;;;;;1;;;;;;;;;;;;;;;;;;;;;;;;;;;;;;;;;;;;;;;;;;;;;;;;;;
4;124;Metropolitana Baranquilla;1;;;1;;;;;;;;;;;;;;;;;;;;;;;;1;;;;;;;1;;;;1;;;;;;;;;;;;;;;;;;;;;;;;;;;;;;;;;;;;;;;;;;;;;;;;;;;
4;125;Suroriente Baranquilla;1;;;;;;;;;;;;;;;;;;;;;;;;;;;1;;;;;;;1;;;1;;;;;;;;;;;;;;;;;;;;;;;;;;;;;;;;;;;;;;;;;1;;;;;;;;;;;
3;126;UCG # 1/ UCG # 2/ UCG # 3/ UCG # 8/ UCG # 9/ UCG # 10 Carthagène;1;;;;;;;;;;;;;;;;;;;;;;;;;;;;;;;;;;;;1;;;;;;;;;;;;;;;;;;;;;;;;;;;;;;1;;;;;;;;1;;;;;;;;;;;;;;;
3;127;UCG # 4/ UCG # 5/ UCG # 6/ UGC # 7 Carthagène;1;;;;;;;;;;;;;;;1;;;;;;;;;;;;;;;;;;;;1;;;;;;;;;;;;;1;;;;;;;;;;;;;;;;;;;;;;;;;;;;;;;;;;;;;;;;;
2;128;UCG # 11/ UCG # 12/ UCG # 13/ UCG # 14/ UCG # 15 Carthagène;1;;;;;;;;;;;;;;;;;;;;;;;;;;;;;;;;;;1;;;;;;;;;1;;;;;;;;;;;;;;;;;;;;;;;;;;;;;;;;;;;;;;;;;;;;;;
5;129;Centro Cucuta;1;;;;;;;;;;;;1;;;;;;;;;;;;;;;;;;;;;1;;;;;;;;;;;;;;1;;;;1;;;;;;;;;;;;;;;;;1;;;;;;;;;;;;;;;;;;;;;
5;130;Centro Oriental Cucuta;1;;;;;;;;;;;;;;;;;;;;;;;;;;;;;;;;1;;;;;;1;;;;;;1;;;;;;;;;1;;;;;;;;;;;;;;;;;;;;;;;;;1;;;;;;;;;;;
5;131;Sur Oriental Cucuta;1;;;;;;;;;;;;;;;;;;;;;;;;;;;;;;;1;;;;;;;;;;;;1;;1;;;;;;;;;;;;;;;;;;;;;;;;;;;;;1;;;1;;;;;;;;;;;;
5;132;Oriental Cucuta;1;;;;;;;;;;;;;;;;;;;;;1;;;;;;1;;;1;;;;;;;;;;;1;;;;;;;;;;;;;;;;;;;;;;;;1;;;;;;;;;;;;;;;;;;;;;;;;
6;133;Nororiental Cucuta;1;;1;;;;;;;;;;;;;;;;;;;;;1;;;;1;;1;;;;;;;;;;;;;;;;;1;;;;;;;;;;;;;;;;;;;1;;;;;;;;;;;;;;;;;;;;;;;;
8;134;Norte Cucuta;1;;1;;;;;;;;;;;;;;1;;;;;;;;;;;1;1;;1;;;;;;;;;;;;;;;;;;;;;;;;;;;;;;1;;;1;;1;;;;;;;;;;;;;;;;;;;;;;;;
5;135;Noroccidental Cucuta;1;;1;;;;;;;;;;;;;;;;;;;;;;;;;1;;;;;;;;;;;;;;;;;;;;;;;;;;;;1;;;;;1;;;;;;;;;;;;;;;;;;1;;;;;;;;;;;
5;136;Occidental Cucuta;1;;;;;1;;;;;;;;;1;;;;;;;;;;;;1;;;;;;;;;;;;;;;;;;;;;;;;;1;;;;;;;;;1;;;;;;;;;;;;;;;;;;;;;;;;;;;;;
7;137;Suroccidental Cucuta;1;;;;;;;;;1;;;;;;;;;;;;;;;;1;;;;;;;;;1;;;1;;;;;;;;;;;;;;;;;;;;;;;1;;1;;;;;;;;;;;;1;;;;;;;;;;;;;;;
4;138;Cementerio Cucuta;1;;;1;;;;;;1;;;;;;;;;;;;;;;1;;;;;;;;;;1;;;;;;;;;;;;;;;;;;;;;;;;;;;;;;;;;;;;;;;;;;;;;;;;;;;;;;;
4;139;Garcia Rovira/ Occidental Bucaramanga;1;;;;;;;;;1;;;;;;;;;;;;;;1;;;;;;;;;;;1;;;;;;;;;1;;;;;;;;;;;;;;;;;;;;;;;;;;;;;;;;;;;;;;;;;;;;;;
7;140;Centro Bucaramanga;1;;;;;;;;;1;;;;;;1;;;;;;;1;;;;;;;;;;;;;;;;;;;;;1;;;;1;1;;;;;;;;;;;;;;;;;;;;;;;;1;;;;;;;;;;;;;;;;;
3;141;Cabecera Bucaramanga;1;;;;;;;;;;;;1;;;;;;;;;1;;;;;;;;;;;;;;;;;;;;;;;;;;;;;;;;;;;;;;;;;;;;;;;;;;;;;;;;;1;;;;;;;;;;;
4;142;La Concordia/ Sur/ La Ciudadela/ Mutis/ Provenza/ Sur Occidente Bucaramanga;1;;;;;;;;;1;;;;;;;;;;;1;;;;;;;;;;;;;;;;;;;;;;;;;;;;;;;;;;;;;;;;;;;;;;;;;;;;;;1;;;1;;;;;;;;;;;;
5;143;Morrorrico/ Oriental/ La Pedegrosa/ Lagos de Cacique Bucaramanga;1;;;;;;;;;1;;;;;;;;;;1;;;;;;;;;;;;;;;;;;;1;;;;;1;;;;;;;;;;;;;;;;;;;;;;;1;;;;;;;;;;;;;;;;;;;;;;;
5;144;Norte/ Noriental/ San Francisco Bucaramanga;1;;;;;;;;;1;;;;;;;;;1;;;;;;;;;1;;;;;;;;;;;;;;;;;1;;;;;;;1;;;;;;;;;;;;;;;;;;;;;;;;;;;;;;;;;;;;;;
4;145;Del Café/ Ferrocarril/ Olimpica/ Cuba/ San Joaquin Pereira;1;;;;;;;;;;;;;;;;;1;;;;;;;;;;1;;;;;;;;;;;;;;;;;;;;;;;;;;;;;;;;;1;;;;;;;;;;;;;;;;;;1;;;;;;;;;;;
8;146;El Oso/ Perla del Otún/ Consotá/ El Poblado/ El Jardín Pereira;1;;1;;;;;;;;;;;;;;1;;;;;1;;;;;;1;;;;1;;;;;;;;;;1;;;;;1;;;;;;;1;;;;;;;;;;;;;;;;;;;;;;;;;;;;;;;;;;;;
4;147;Rio Otún/ Centro/ San Nicolàs/ Boston Pereira;1;;1;;;;;;;;;;;;;1;;;;;;;;;;;;1;;;;;;;;;;;;;;;;;;;;;;;;;;;;;;;;;;;;;;;;;;;;;;;1;;;;;;;;;;;;;;;
6;148;Universidad/ Villa Santana/ Oriente/ Villavicencio Pereira;1;;1;;;;;;;;;;;;1;;;;;;;;;;;;;;;;;;;;;;;;;;;;;1;;1;;;;;;;;;;1;;;;;;;;1;;;;;;;;;;;;;;;;;;;;;;;;;;
2;149; MARIA EUGENIA – PANDO/ CENTRE Santa Marta;1;;;;;;;;;;;;;1;;;;;;;;;;;;;;;;;;;;;;;;;;;;;;;;;;;;;;;;;;;;;;;;;;;;;;;;;;;;;;;;;1;;;;;;;;;;;
4;150;Polideportivo-Jardin/ Pescaito/ SantaFe/ Bastidas Santa Marta;1;;;1;;;;;;;;;1;;1;;;;;;;;;;;;;;;;;;;;;;;1;;;;;;;;;;;;;;;;;;;;;;;;;;;;;;;;;;;;;;;;;;;;;;;;;;;;
6;151; MAMATOCO-11 DE NOVIEMBRE/ GAIRA-RODADERO/ POZOS COLORADOS-DON JACA/ PARQUE-BURECHE             Santa Marta;1;;;;;;;;;;;1;;;;;;;;;;;;;;;;;;;;;;;;;;;;;;;;1;;;;;;;;;;;;;;;;;;;1;;;;;;1;;;;;;1;;;1;;;;;;;;;;;;
3;152;Boquerón/ Ricaurte/ Ferias Ibagué;1;;;;;;;;;;1;;;;;;;;;;;;;;;;;;;;;;;;;;;;;;;;;1;;;;1;;;;;;;;;;;;;;;;;;;;;;;;;;;;;;;;;;;;;;;;;;
7;153;Centro/ Calambeo Ibagué;1;;;;;;;;;1;;;1;;;1;1;;;;;;;1;;;;;;;;;;;;;;;;;;;;1;;;;;;;;1;;;;;;;;;;;;;;;;;;;;;;;;;;;;;;;;;;;;;;
8;154;Estadio/ San Simón/ Piedrapintada Ibagué;1;;;;;;;;1;;;;;;;;;;;;;;;;;;;;;1;1;;;;1;;;;1;;;;;1;;;;;1;;;;;;;;;;;;;;;;;;;;;;;;;;;;;;1;;;;;;;;;;;
5;155;Jordán/ Vergel Ibagué;1;;;;;;;1;;;;;;;;;;;;;;;;;;;;;;;;;;;1;;;;;;;;;1;;;;;;;;;;;;;;;;;1;;;;;1;;;;;;;;;;;;;;;;;;;;;;;;
6;156;Picaleňa-Micolindo/ Simón Bolivar/ Salado Ibagué;1;;;;;1;1;;;;;;;;;;;;;;;;;;;;;;;;;;;;1;;;;;;;;;1;;;;;;;;;;;;;;;;;;;;;;1;;;;;;;;;1;;;;;;;;;;;;;;;
3;157;Atardeceres/ Ciudala del Norte/ San Jose Cumanday/ La Macarena Manizales;1;;;;;1;;;;;;;;;;;;;;;;;;;;;;;;;;;;;;;;;;;;;;;1;;;;;;;;;;;;;;;;;;;;;1;;;;;;;;;;;;;;;;;;;;;;;;
5;158;Nuevo Horizonte/ Estacion/ La Fuente Manizales;1;;;;1;;;;;;;;;;;;;;;;;;;;;;;;;;;;;;;;;;;;;;;;;;1;;;;;;;;;;;;;;;;;;;1;;;;;;;1;;;;;;1;;;;;;;;;;;
5;159;Cerro de Oro/ Palogrande/ Universitaria/ Tesorito Manizales;2;;1;1;;;;;;;;;1;;;;;;;;;1;;;;;;;;;;;;;;;;;;;;1;;;;;;;;;;;;;;;;;;;;;;;;;;;;;;;;;;;;;;;;;;;;;;;;
3;160;Communa 7/ Communa 8/ Communa 9 Communa 10 Pasto;1;;1;;;;;;;;;;;;;;;;;;;;;;;;;;;;;;;;;;;;;;;;;;;;;;;;;1;;1;;;;;;;;;;;;;;;;;;;;;;;;;;;;;;;;;;;;
8;161;Communa 1/ Communa 11/ Communa 12 Pasto;1;1;1;1;;;;;;;;;;;;;;;;;;;;;;;;1;;;;;;;;;;;;;;;;;;;;;;;;;;;;1;;;;;;;;;;;1;;;;;;;;1;;;1;;;;;;;;;;;;
4;162;Communa 2/ Communa 3/ Communa 4/ Communa 5/ Communa 6 Pasto;1;;1;;;;;;;;;;;;;;;;;;;;;;;;;1;;;;;;;;;;1;;;;;;;;;;;;;;;;;;;;;;;;;;1;;;;;;;;;;;;;;;;;;;;;;;;;;
3;163;Norte/ Norrocidental/ Entre Rios Neiva;1;;;1;;;;;;;;;;;;;;;;;;;;;;;;1;;;;;;;;;;;;;;;;;;;;;;;;;;;;;;;;;;;;;;;;;;;;;;;;;;;1;;;;;;;;;;;
5;164;Nororiental/ Oriental/ Las Palmas Neiva;1;;;;1;;;;;;;;;;;1;;;;;;;;;;;;1;;;;;;;;;;;;;;;;;;;;1;;;;;;;;;;;;;;;1;;;;;;;;;;;;;;;;;;;;;;;;;;;
5;165;Central/ La Floresta/ Sur/ Suroriental Neiva;1;;;;;1;;;;1;;;;;1;;;;;;;;;;;;;1;;;;1;;;;;;;;;;;;;;;;;;;;;;;;;;;;;;;;;;;;;;;;;;;;;;;;;;;;;;;;;;
6;166;Communa 1/ Communa 2/ Communa 6 Villavicencio;1;;;;;;1;;;1;;;;;;;;;;;;;;;;;;;;;;;;;1;;;;1;;;;;;;1;;;;;;;;;;;;;;;;;;;;;;;;;;;;;1;;;;;;;;;;;;;;;
6;167;Communa 3/ Communa 4/ Communa 5 Villavicencio;1;;;;;;;1;;1;;;;;;;;;;;;;;;;;;;;;;;;;1;;;;;;;;;;;;;;1;;;1;;;;;;;;;;;;;;;;;;;;;;;;;;;1;;;;;;;;;;;
4;168;Communa 7/ Communa 8 Villavicencio;1;;;;;;;;1;;;;;;;;;;;;;;;;;;;1;;;;;;;1;;;;;;;;;;;;;;;;;;;;;;;;;;;;;;;;;;1;;;;;;;;;;;;;;;;;;;;;
4;169;Centenario/ Alfonso López/ Francisco de Paula Santander/ Ruffino José Cuervo/ El Bosque/ San José Armenia;1;;;;;;;;;1;;;1;;;;;;;;;;;;;;;1;;;;;;;;;;;;;;;;;;;;;;;;;;;;;;;;;1;;;;;;;;;;;;;;;;;;;;;;;;;;;;;
7;170;Cafetero/ Libertadores/ Fundadores Armenia;1;;;;;;;;;;1;;;;;;1;;;;;;;;;;;1;;;1;;;;;;;;;;;;;1;1;;;;;;;;;;;;;;;;1;;;;;;;;;;;;;;;;;;;;;;;;;;;;;
6;171;Quimbaya Armenia;1;;;;;;;;;;;1;;;;;;;;;;;;;;;;;;;;;;;;;;;;;;;;1;;;1;;;;;;;;;;;;;;1;;;;;;;;;;;;;;1;;;1;;;;;;;;;;;;
4;172;Comuna 1/ Comuna 2 Monteria;1;;;;;1;;;;;;;1;;;;;;;;;;;;;;;;;;;;;;;;;;;;;;;1;;;;;;;;;;;;;;;;;;;;;;;;;;;;;;;;;;;1;;;;;;;;;;;
;173;Comuna 3/ Comuna 4/ Comuna 6 Monteria;1;;;1;;;;;;;;;;1;;;;;;;;1;;;;;;;;;;;;;;;;;;;;;;1;;;;;;;;;;;;;;;;;;;;;;;;;;;;;;;;;;;;;;;;;;;;;;
;174;Comuna 5/ Comuna 7 Monteria;1;;1;;;;;;;;;;;;1;;;;;;;;;1;;;;;;;;;;;;;;;;;;;;;;;;;;;;;;;;;;;;;;;;1;;;;;;;;;;;;;;;;;;;;;;;;;;
;175;Comuna 8/ Comuna 9 Monteria;1;;1;;;;;;;;;;;;;1;;;;;;;;;;;;;;;;;;;;;;1;;;;;;;;;;;;;;1;;;;1;;;;;;;;;;;;;;;;;1;;;;;;;;;;;;;;;;;
;176;Comuna 1 Valledupar;1;;1;;;;;;;;;;;;;;1;;;;;;;;;;;;;1;;;;;;;;;;;;1;;;;;;1;;;;;;;;;;;;;;;;;;;;;;;;;;;1;;;;1;;;;;;;;;;;
;177;Comuna 2/ Comuna 3 Valledupar;1;;1;;;;;;;;;;;;;;;1;;;;;;;;;;;;;;;;;;;;;1;;;;;;;;;;;;;;;;;;;;;;;;;;;;1;;;;;;;;;;;;;;;;;;;;;;;
;178;Comuna 4/ Comuna 5 Valledupar;1;;;;;;;;;;;;;;;;;;1;;;;;;;;;;;;;;;;;;;;;;;;;;;;;;;;;;;1;;;;;;;;;1;;;1;;;;;;;;;;;;;;;;;;;;;;;;
;179;Comuna 6 Valledupar;1;;;;;;;;;;;;1;;1;;;;;1;;;;;;;;;;;;;;;;;;;;;;;;;;;;;1;;;;;;;;;;;;;;;;;;;;;;;;;;;;;1;;;;;;;;;;;;
;180;Communa 1/ Communa 2/ Communa 3 Popayan;1;;;;;;;;;;;;;;;;;;;;1;;;;;;;1;;;;;;;;;;;;;;;;1;;;;;;;;;;;;;;;;;;;;;;1;;;;;;;;;;;;;;;;;;;;;;;;
;181;Communa 7/ Communa 9 Popayan;1;;;;;;;;;1;;;;;;;;;;;;1;;;;;;1;;;;;;;1;;;;;;;;;1;;;;;;;;;;;;;;;;;;;;;;;;;;;;;;;1;;;;1;;;;;;;;;;;
;182;Communa 4/  Communa 8 Popayan;1;;;;;;;;;1;;;;;;;;;;;;;1;;;;;1;;;;1;;;1;;;;;;;;;1;;;;;;;;1;;;;;;;;;;;;;;;;;;;;;;;;;;;;;;;;;;;;;;
;183;Communa 5/ Communa 6 Popayan;1;;;;;;;;;1;;;;;;;;;;;;;;1;;;;1;;;;;;;1;;;;;;;;;1;;;;;;;;;;;;;;;;;;;;;;;;;;;;;;;;;;;;;;;;;;;;;;
;184;Comuna 1 Norte / Comuna 2 Nordeste/ Comuna 3 Noroeste Tunja;1;;;;;;;;;;;;;;;;;;;;;;;;1;;;;;;;;;;;;;;;;;;;1;;;1;;;;;;;;;;;;;;;;;;;;;;1;;;;;;;;;;1;;;;;;;;;;;
;185;Comuna 4 Oeste/ Comuna 5 Centro Histórico Tunja;1;;;1;;1;;;;1;;;;;;;;;;;;1;;;;1;;;;;;;;;;;;;;;;;;1;1;1;;1;;;;;;;;;;;;;;;;;;;;;;;;;;;;;;;;;;;;;;;;;;
;186;Comuna 6 Sudoeste/ Comuna 7 Este/ Comuna 8 Sudeste Tunja;1;;;;;;;;;;;;;;;;;;;;;;;;;;1;;;;;;;;;;;;;;;;;1;;;;;;;;;;;;;;;;;;;;;;;;;;;;;;;1;;;1;;;;;;;;;;;;
;187;Communa 3/ Communa 4/ Communa 8 Floridablanca;1;;;;;;;;;;;;;;;;1;;;;;;;;;;;1;;;;;;;;;;;;;;;;;;;;;;;;;;;;1;;;;;;;;;;;;;;;;;;;;;;;;;;;;;;;;;;
;188;Communa 2/ Communa 5 Floridablanca;1;;1;;;;;;;;;;;;;1;;;;;;;;;;;;1;1;;1;;;;;;;;;;;;;;;;;;;;;;;;;;;;;;1;;;;;;;;;;;;;;;;;;1;;;;;;;;;;;
;189;Communa 1/ Communa 6/ Communa 7 Floridablanca;1;;1;;;;;;;;;;;;;;;;;;;;;;;;;1;;1;;;;;;;;1;;;;;;;;;;;;;;;;;;;;;;;1;;;1;;;;;;;;;;;;;;;;;;;;;;;;;;
;190;Communa 1/ Communa 2 Palmira;1;;1;;;;;;;;;;;;;;;;;;;;;;;;;;;;1;;;;;;;;;;;1;;;;;;;;;;1;;;;;;;;;1;;;;;;;;;;;;;;;;;;;;;;;;;;;;;
;191;Communa 3/ Communa 4 Palmira;1;;1;;;;;;;;;;;;;;;;;;;;;1;;;;;;;;1;;;;;;;1;;;;;;;;;;;;;;;;;;;;;;;;1;;;;;;;;;;1;;1;;;;1;;;;;;;;;;;
;192;Communa 5/ Communa 6/ Communa 7 Palmira;1;;;;;;;;;;;;;;;;;;;;;;;;;;;;;;;;1;;;;;;;;;;;;;;;;1;;;;;1;;;;;;;;;;;;;1;;;;;;;;;;;;;;;;;;;;;;;
;193;La Loma/ Pumarejo/ El Ferrocaril/ La Cruz de Mayo/ Centenario/ Hipodromo/ El Porvenir/ Las Ferias/ Vista Hermosa Soledad;1;;;;;;;;;;;;1;;;;;;;;;;;;;;;;;;;;;1;;;;;;;;;;;;;;;;;;;;;;;;;;;;;;;;;;;;;;;;;;;;;;;;;;;;;;;;
;194;Villas de Soledad/ Las Nubes/ Villa Estadio/ El Limon/ Las Gaviotas/ Los Robles/ Los Cedros Soledad;1;;;;;;;;;;;;;;1;;;;;;;;;;;;;;;;;;;;1;;;;;;;;;;;;;;;;;;;;;;;;;;;;;;;1;;;;;;;;;;;;;;;;;;;;;;;;
;195;La Fé/ Renacer/ San Vicente/ Ciudad Paraiso/ La Candelaria/ Ciudadela Metropolitana Soledad;1;;;1;;;;;;;;;;;;;;;;;;;;;;;;1;;;;;;;1;1;;;;;;;;;;;;;;;;1;;;;;;;;;;;;;;;;;;;;;;;;;;;1;;;;;;;;;;;
;196;Compatir/ Centro Soacha;1;;;;;;;;;;;;;;;;;;;;;;;;;;;;;;;;;;1;;1;;;;;;;;;;;1;;;;;;;;;;;;;;;;;;;;;;;;;;;1;;;;;;;;;;;;;;;
;197;Olivos/ San Mateo Soacha;1;;;;;1;;;;;;;;;;;;;;;;;;;;;;;;1;;1;;;1;;;1;;;;;;1;;;;;;;;;;;;1;;;;;;;;;;;;;;;;;;;;;;1;;;;;;;;;;;;
;198;Ciudadela Sucre/ San Marcos Soacha;1;;;;;;;;;;;;;;;;;;;;;1;;;;;;;;;;;;;;;;;1;;;;;1;1;;1;;;;;;;;;;;;;;;;;;;;;;1;;;;;;;;;;1;;;;;;;;;;;
;199;Paris/ La Madera Bello;1;;;;;;;;;1;;;;;;;;;;;;;;;;;;;;;;;;;;;;;;1;;;;1;;1;;;;;;;;;;;;;;;;;;;;;;;;;;;;;;;;;;;;;;;;;;;;
;200;Santa Ana/ Súarez Bello;1;;1;;;;;;;1;;;;;;1;;;;;;;;;;;;1;;;;;;;;;;;;;1;;;1;;;;;;;;;;;;;;;;;;;;;;;1;;;;;;;;;;;1;;;;;;;;;;;;
;201;La Cumbre/ Bellavista/ Altos de Niquia Bello;1;;1;;;;;;;1;;;;;;;1;;;;;;;;;;;;;;;;;;;;;;1;;;1;;1;;;;;;;;;;1;;;;;;;;;;;;;;;;;;;;;;;;;;;;;;;;;;;;
;202;Niquia/ Acevedo/ Fontidueňo Bello;1;;1;1;;;;;;1;;;;;;;;;;;;;;;;;;;;;1;;;;;;;1;;;;;1;1;;;;;;;;1;;;;;;;;;1;;;;;1;;;;;;;;;1;;;;1;;;;;;;;;;;
;;;;;;;;;;;;;;;;;;;;;;;;;;;;;;;;;;;;;;;;;;;;;;;;;;;;;;;;;;;;;;;;;;;;;;;;;;;;;;;;;;;;;;;;;;;;
;;;;;;;;;;;;;;;;;;;;;;;;;;;;;;;;;;;;;;;;;;;;;;;;;;;;;;;;;;;;;;;;;;;;;;;;;;;;;;;;;;;;;;;;;;;;
;;; 1 CARAIBES;;;;;;;;;;;;;;;;;;;;;;;;;;;;;;;;;;;;;;;;;;;;;;;;;;;;;;;;;;;;;;;;;;;;;;;;;;;;;;;;;;;;;;;;;
;;;;;;;;;;;;;;;;;;;;;;;;;;;;;;;;;;;;;;;;;;;;;;;;;;;;;;;;;;;;;;;;;;;;;;;;;;;;;;;;;;;;;;;;;;;;
;;;2 PACIFIQUE;;;;;;;;;;;;;;;;;;;;;;;;;;;;;;;;;;;;;;;;;;;;;;;;;;;;;;;;;;;;;;;;;;;;;;;;;;;;;;;;;;;;;;;;;
;;;;;;;;;;;;;;;;;;;;;;;;;;;;;;;;;;;;;;;;;;;;;;;;;;;;;;;;;;;;;;;;;;;;;;;;;;;;;;;;;;;;;;;;;;;;
;;; 3 ANDES;;;;;;;;;;;;;;;;;;;;;;;1;;;;;;;;;;;;;;;;;;;;;;;;;;;;;;;;;;;;;;;;;;;;;;;;;;;;;;;;;;;;;;;;;;
;;;;;;;;;;;;;;;;;;;;;;;;;;;;;;;;;;;;;;;;;;;;;;;;;;;;;;;;;;;;;;;;;;;;;;;;;;;;;;;;;;;;;;;;;;;;
;;;4 ORENOQUIE;;;;;;;;;;;;;;;;;;;;;;;;;;;;;;;;;;;;;;;;;;;;;;;;;;;;;;;;;;;;;;;;;;;;;;;;;;;;;;;;;;;;;;;;;
;;;;;;;;;;;;;;;;;;;;;;;;;;;;;;;;;;;;;;;;;;;;;;;;;;;;;;;;;;;;;;;;;;;;;;;;;;;;;;;;;;;;;;;;;;;;
;;;5 AMAZONIE;;;;;;;;;;;;;;;;;;;;;;;;;;;;;;;;;;;;;;;;;;;;;;;;;;;;;;;;;;;;;;;;;;;;;;;;;;;;;;;;;;;;;;;;;
;;;;;;;;;;;;;;;;;;;;;;;;;;;;;;;;;;;;;;;;;;;;;;;;;;;;;;;;;;;;;;;;;;;;;;;;;;;;;;;;;;;;;;;;;;;;
;;Urbain 1;;;;;;;;;;;;;;;;;;;;;;;;;;;;;;;;;;;;;;;;;;;;;;;;;;;;;;;;;;;;;;;;;;;;;;;;;;;;;;;;;;;;;;;;;;
;;Rural 2;;;;;;;;;;;;;;;;;;;;;;;;;;;;;;;;;;;;;;;;;;;;;;;;;;;;;;;;;;;;;;;;;;;;;;;;;;;;;;;;;;;;;;;;;;
;;;;;;;;;;;;;;;;;;;;;;;;;;;;;;;;;;;;;;;;;;;;;;;;;;;;;;;;;;;;;;;;;;;;;;;;;;;;;;;;;;;;;;;;;;;;
;;;;;;;;;;;;;;;;;;;;;;;;;;;;;;;;;;;;;;;;;;;;;;;;;;;;;;;;;;;;;;;;;;;;;;;;;;;;;;;;;;;;;;;;;;;;
;;;;;;;;;;;;;;;;;;;;;;;;;;;;;;;;;;;;;;;;;;;;;;;;;;;;;;;;;;;;;;;;;;;;;;;;;;;;;;;;;;;;;;;;;;;;
;;;;;;;;;;;;;;;;;;;;;;;;;;;;;;;;;;;;;;;;;;;;;;1;;;;;;;;;;;;;;;;;;;;;;;;;;;;;;;;;;;;;;;;;;;;;;
